{"LocData":
  [
   {"Id": 0,
    "coordinates": [
            [
              -81.9332,
              41.4843
            ],
            [
              -81.9332,
              41.4837
            ],
            [
              -81.9335,
              41.4837
            ],
            [
              -81.9335,
              41.4843
            ],
            [
              -81.9332,
              41.4843
            ]
        ]
  },
  {"Id":1,
  "coordinates": [
          [
            -81.5471,
            41.404
          ],
          [
            -81.5472,
            41.404
          ],
          [
            -81.5472,
            41.4039
          ],
          [
            -81.5472,
            41.4039
          ],
          [
            -81.5478,
            41.4041
          ],
          [
            -81.5477,
            41.4043
          ],
          [
            -81.5471,
            41.404
          ],
          [
            -81.5471,
            41.404
          ]
      ]
  },
  {"Id":2,
  "coordinates": [
          [
            -81.719,
            41.4804
          ],
          [
            -81.7195,
            41.4804
          ],
          [
            -81.7195,
            41.4805
          ],
          [
            -81.719,
            41.4805
          ],
          [
            -81.719,
            41.4804
          ]
      ]
 },
 { "Id":3,
  "coordinates": [
          [
            -81.5579,
            41.4122
          ],
          [
            -81.558,
            41.4122
          ],
          [
            -81.5583,
            41.4124
          ],
          [
            -81.5582,
            41.4125
          ],
          [
            -81.5579,
            41.4122
          ]
      ]
    }
  ]
}
